Date,AAPL,GE,GOOGL,IBM,KO,MSFT,PEP
2010-01-04,28.313195,12.657489,313.688694,115.385996,23.874306,26.227603,51.317187
2010-01-05,28.362145,12.723029,312.307316,113.992138,23.585503,26.236076,51.937282
2010-01-06,27.911008,12.657489,304.434452,113.251641,23.577133,26.075067,51.417742
2010-01-07,27.859412,13.312893,297.347355,112.859619,23.518534,25.803894,51.090935
2010-01-08,28.04463,13.599632,301.311314,113.992138,23.083239,25.981851,50.923341
2010-01-11,27.797232,13.730713,300.855869,112.798631,23.552019,25.651358,50.864683
2010-01-12,27.481038,13.738906,295.535526,113.695931,23.807337,25.481874,51.576955
2010-01-13,27.868673,13.78806,293.83884,113.452005,23.870119,25.719151,51.995939
2010-01-14,27.707269,13.681558,295.220219,115.264033,23.911976,26.236076,52.624415
2010-01-15,27.244224,13.468552,290.290287,114.802316,23.56039,26.151335,52.197053
2010-01-19,28.449462,13.550477,294.104099,116.858269,23.614801,26.354715,52.230572
2010-01-20,28.011555,13.517706,290.495487,113.469432,23.229733,25.922532,51.912144
2010-01-21,27.527342,13.124464,291.781773,112.380474,22.756766,25.431029,51.065794
2010-01-22,26.162022,13.198197,275.280277,109.331392,22.702356,24.541239,50.604912
2010-01-25,26.86585,13.411204,270.270267,109.871517,22.748395,24.84631,50.470837
2010-01-26,27.245547,13.394818,271.481479,109.549183,22.660499,24.998845,50.487597
2010-01-27,27.502206,13.353855,271.321323,110.054461,22.815364,25.142907,50.521116
2010-01-28,26.365761,13.23916,267.412418,107.80685,22.677242,24.710723,50.060234
2010-01-29,25.409244,13.173619,265.235233,106.622063,22.70654,23.880253,49.959676
2010-02-01,25.762481,13.312893,266.776767,108.608322,22.760953,24.075159,50.864683
2010-02-02,25.911978,13.804446,265.82584,109.357526,23.041383,24.117529,51.241769
2010-02-03,26.357823,13.665173,270.680698,109.470782,22.966043,24.261591,51.359085
2010-02-04,25.407921,13.14085,263.653659,107.153476,22.363326,23.592131,49.976435
2010-02-05,25.859059,12.936035,265.910923,107.606479,22.221018,23.744666,49.867499
2010-02-08,25.681779,12.780377,267.002018,106.652662,22.036855,23.49044,49.406617
2010-02-09,25.955637,12.780377,268.488498,107.816497,22.606087,23.736192,50.320002
2010-02-10,25.814078,12.85411,267.492496,107.466471,22.514006,23.719243,50.596533
2010-02-11,26.283736,12.919651,268.468479,108.271533,22.693984,23.829409,51.275286
2010-02-12,26.509966,12.739414,266.826816,108.507797,22.593531,23.668399,51.049034
2010-02-16,26.909508,13.14085,270.920932,109.584128,22.945116,24.136659,51.375844
2010-02-17,26.797055,13.230967,269.374363,110.546696,23.158579,24.34099,52.046218
2010-02-18,26.847328,13.3047,271.8819,111.841785,23.40134,24.664514,52.398164
2010-02-19,26.680632,13.247352,270.650669,111.29925,23.321815,24.494239,52.5071
2010-02-22,26.515259,13.312893,271.671665,111.001725,23.179507,24.460183,52.297608
2010-02-23,26.070736,13.067116,267.802799,110.660451,22.949302,24.119631,51.769687
2010-02-24,26.547011,13.20639,266.001011,111.64927,23.087424,24.375044,52.02108
2010-02-25,26.724291,13.123953,263.478489,111.19424,22.233574,24.349504,52.205431
2010-02-26,27.070912,13.239364,263.663669,111.272999,22.066154,24.4091,52.347888
2010-03-01,27.649058,13.107465,266.611606,112.506841,22.296358,24.707084,53.152336
2010-03-02,27.630535,13.107465,270.800815,111.500511,22.308914,24.230309,53.462384
2010-03-03,27.694038,13.214634,272.932926,111.027976,22.572603,24.230309,53.994054
2010-03-04,27.876611,13.280583,277.572574,110.88797,22.798623,24.375044,54.103765
2010-03-05,28.966751,13.478432,282.387394,111.351752,22.89489,24.34099,54.323186
2010-03-08,28.983948,13.412482,281.521519,110.616702,22.794436,24.375044,54.137522
2010-03-09,29.505205,13.593843,280.37537,109.864148,22.677242,24.519779,54.314745
2010-03-10,29.745987,13.610331,288.513523,109.925402,22.685613,24.664514,54.373819
2010-03-11,29.833306,13.585599,290.860874,111.658023,22.618095,24.843305,54.829537
2010-03-12,29.978834,14.047247,290.060062,111.955547,22.5126,24.919929,54.939245
2010-03-15,29.613689,14.253339,281.87186,111.85929,22.639195,24.936957,55.825364
2010-03-16,29.694391,14.896346,282.882877,112.59434,22.660294,25.005068,55.757849
2010-03-17,29.650733,14.871616,283.063053,111.798036,22.719371,25.226425,56.179809
2010-03-18,29.720851,14.995271,283.483494,112.340577,22.765789,25.209399,56.137611
2010-03-19,29.403335,14.896346,280.280277,111.75428,23.103372,25.192371,56.171368
2010-03-22,29.734082,14.896346,279.029026,111.990551,23.014757,25.200885,55.960388
2010-03-23,30.211678,15.110682,274.774784,113.206881,23.33546,25.439271,56.424547
2010-03-24,30.3453,15.209607,278.943943,112.471831,23.048514,25.243454,55.918196
2010-03-25,29.985447,15.08595,281.721714,113.093132,23.124471,25.549951,56.162934
2010-03-26,30.547716,15.118926,281.626621,113.110623,23.061175,25.251968,56.196685
2010-03-29,30.74484,15.168387,281.506504,112.524333,23.111812,25.192371,56.162934
2010-03-30,31.202593,15.08595,283.638645,112.681851,23.154009,25.34562,56.348591
2010-03-31,31.090142,15.003515,283.843845,112.226815,23.208867,24.936957,55.833805
2010-04-01,31.218469,15.110682,284.684696,112.226815,23.33546,24.826277,56.272641
2010-04-05,31.551862,15.275556,285.790806,113.189389,23.14979,24.919929,55.681899
2010-04-06,31.690777,15.333262,284.394413,112.821851,22.909262,24.962498,56.027903
2010-04-07,31.831013,15.250825,282.052067,112.428075,22.710931,24.98804,55.690334
2010-04-08,31.745018,15.300286,284.029026,111.666775,22.685612,25.473327,55.673458
2010-04-09,31.988446,15.267312,283.393406,112.673092,23.035855,25.830907,56.002587
2010-04-12,32.054597,15.423941,286.651646,112.323072,23.107591,25.813879,55.968829
2010-04-13,32.073119,15.621791,293.678684,112.909363,23.217307,25.924559,56.027903
2010-04-14,32.504411,15.951538,294.794804,114.852003,23.187768,26.23957,55.943512
2010-04-15,32.931736,16.075193,297.947941,114.53698,22.896601,26.28214,55.92663
2010-04-16,32.730642,15.638277,275.350345,114.309469,23.196208,26.111863,55.816923
2010-04-19,32.686984,15.613547,275.325321,115.709561,23.3439,26.426875,55.800047
2010-04-20,32.358883,15.663009,277.797794,113.486907,22.985218,26.699316,55.614384
2010-04-21,34.29441,15.687741,277.427433,112.874366,22.867063,26.673774,55.681899
2010-04-22,35.253573,15.621791,273.803806,112.996874,22.917702,26.724857,54.652315
2010-04-23,35.830393,15.720715,272.767765,113.749429,22.73625,26.358762,54.610116
2010-04-26,35.654438,15.910319,266.086094,114.396967,22.672953,26.486471,54.871729
2010-04-27,34.66749,15.415699,264.794803,112.725607,22.31005,26.265112,54.205038
2010-04-28,34.60928,15.621791,264.859867,113.845686,22.516821,26.316194,54.643874
2010-04-29,35.540662,16.06695,266.266269,114.16071,22.677174,26.392819,55.023635
2010-04-30,34.541808,15.547598,263.113102,112.883112,22.554799,26.001184,55.040517
2010-05-03,35.237697,15.877345,265.565555,113.408155,22.685612,26.273626,55.437161
2010-05-04,34.222967,15.316774,253.438449,112.113052,22.440864,25.652116,55.21774
2010-05-05,33.867085,14.921077,255.135135,111.535514,22.643414,25.41373,55.023635
2010-05-06,32.578497,14.269825,249.584583,108.993618,22.069522,24.673028,54.601675
2010-05-07,31.203918,13.915346,246.816821,107.39284,22.225654,24.017464,54.491968
2010-05-10,33.602489,14.871616,261.086093,111.060555,22.803767,24.638974,56.044785
2010-05-11,33.937203,14.83864,254.779788,111.605877,22.622316,24.58789,56.162934
2010-05-12,34.674106,15.201363,252.947956,116.698456,22.795327,25.064664,56.492062
2010-05-13,34.180634,14.879858,255.695697,115.643,22.571679,24.894387,56.103859
2010-05-14,33.579996,14.541867,254.019016,115.387937,22.508381,24.63046,55.757849
2010-05-17,33.632917,14.475917,254.239246,114.728276,22.53792,24.638974,56.331715
2010-05-18,33.386843,14.203876,249.434436,114.297293,22.407105,24.459376,56.146052
2010-05-19,32.855001,14.228607,247.462467,113.338588,22.415545,24.151496,55.732532
2010-05-20,31.455283,13.404238,237.74274,108.888076,21.748819,23.185094,53.892785
2010-05-21,32.058564,13.536137,236.261264,110.31294,21.769917,22.954184,53.656488
2010-05-24,32.645969,13.198146,238.81882,109.459777,21.715059,22.466707,53.437067
2010-05-25,32.442231,13.148684,238.773776,109.521345,21.360597,22.295662,53.07418
2010-05-26,32.295378,13.198146,237.97298,108.386734,21.132729,21.389126,51.673272
2010-05-27,33.517816,13.733986,245.475482,111.166103,21.618004,22.235796,53.082621
2010-05-28,33.984832,13.478432,243.058063,110.172216,21.689742,22.064751,53.07418
2010-06-01,34.50741,13.173415,241.426425,109.363026,21.643324,22.141721,52.96447
2010-06-02,34.92018,13.478432,246.931934,112.063246,22.11594,22.629198,53.96797
2010-06-03,34.810372,13.560869,253.053058,112.546993,22.259413,22.971289,53.891432
2010-06-04,33.863118,12.950835,249.609607,110.189804,21.634884,22.0562,52.250111
2010-06-07,33.198978,12.703525,243.003009,109.178322,21.436553,21.628589,52.496735
2010-06-08,32.985978,12.76123,242.632633,108.817711,21.757258,21.474649,53.279128
2010-06-09,32.174989,12.629331,237.247256,108.97603,21.668641,21.200977,53.14306
2010-06-10,33.14209,12.926105,243.748752,112.300721,22.13282,21.380574,54.291132
2010-06-11,33.538984,12.82718,244.494495,112.97797,21.979623,21.945021,54.053014
2010-06-14,33.640855,12.687038,241.836841,113.02195,21.920045,21.808185,54.299635
2010-06-15,34.35659,13.016785,249.244251,114.156562,22.205164,22.731826,54.631301
2010-06-16,35.356764,13.066247,250.885883,114.64912,22.298785,22.509468,54.350662
2010-06-17,35.967983,13.198984,250.290286,115.203226,22.281763,22.55223,54.843907
2010-06-18,36.259043,13.232168,250.265262,114.4732,22.260486,22.612095,54.495236
2010-06-21,35.743078,13.356609,244.524524,114.912974,22.332829,22.193036,54.444206
2010-06-22,36.229937,13.099432,243.368366,113.725592,22.324317,22.039096,53.831902
2010-06-23,35.848915,12.767591,241.266269,114.438024,22.230698,21.645692,53.34716
2010-06-24,35.588287,12.510413,237.787784,112.749293,22.043455,21.380574,53.066522
2010-06-25,35.284,12.369381,236.576587,111.808176,21.388109,20.978619,51.680328
2010-06-28,35.495679,12.444045,236.276279,113.44413,21.73706,20.790469,52.692333
2010-06-29,33.890899,12.012651,227.357364,110.022688,21.417898,19.935246,52.071523
2010-06-30,33.277034,11.962876,222.697696,108.606621,21.328532,19.67868,51.833405
2010-07-01,32.873524,11.713994,219.964969,107.806229,21.290232,19.806963,52.318147
2010-07-02,32.669783,11.51489,218.493503,107.18175,21.298744,19.901038,52.32665
2010-07-06,32.893367,11.589554,218.253253,108.589026,21.460453,20.37141,52.420197
2010-07-07,34.221646,12.128796,225.325336,111.702628,21.903024,20.781917,53.517246
2010-07-08,34.144911,12.303013,228.508517,112.555791,22.307295,20.875992,54.4272
2010-07-09,34.347327,12.402565,233.978976,112.546993,22.298785,20.756261,54.001988
2010-07-12,34.039073,12.385973,238.153156,113.171472,22.320063,21.235186,54.206091
2010-07-13,33.312754,12.618262,244.844852,114.763452,22.434961,21.491752,53.942458
2010-07-14,33.435793,12.609966,245.915912,114.974549,22.477515,21.756872,54.053014
2010-07-15,33.26645,12.651446,247.257266,114.974549,22.490281,21.816737,53.712843
2010-07-16,33.061388,12.070724,230.035037,112.608562,22.286018,21.286498,53.109042
2010-07-19,32.48986,12.128796,233.323321,114.156562,22.243464,21.577274,52.768871
2010-07-20,33.324663,12.394269,241.036044,111.306834,22.656247,21.79108,55.048013
2010-07-21,33.635563,12.311309,238.988986,110.181007,23.013708,21.483201,54.38468
2010-07-22,34.26795,12.618262,242.647647,112.116017,23.090306,22.098961,54.605789
2010-07-23,34.389663,13.033063,245.275272,112.916409,23.298826,22.073304,54.809889
2010-07-26,34.302348,13.389792,244.729739,112.942794,23.37968,22.321319,55.26062
2010-07-27,34.937381,13.422977,246.561557,113.136296,23.42649,22.372632,55.864421
2010-07-28,34.524607,13.315128,242.417423,112.960376,23.354148,22.193036,55.447708
2010-07-29,34.147557,13.398088,242.737735,112.599771,23.400958,22.261454,55.184078
2010-07-30,34.033781,13.373201,242.667667,112.93399,23.452024,22.073304,55.20109
2010-08-02,34.642354,13.613785,245.450458,115.009725,24.005238,22.51802,55.507237
2010-08-03,34.652938,13.605489,245.160159,114.666701,23.992472,22.372632,55.93245
2010-08-04,34.791853,13.671857,253.41341,115.458303,24.064814,22.004886,56.272621
2010-08-05,34.622511,13.705042,254.304309,115.950848,23.988215,21.697007,55.770873
2010-08-06,34.40951,13.64697,250.36037,115.031589,24.149924,21.850945,56.043009
2010-08-09,34.629124,13.588897,252.927936,116.675656,24.303122,21.90226,56.485227
2010-08-10,34.319545,13.481049,252.107105,116.534228,24.247801,21.440439,56.578775
2010-08-11,33.099754,13.024767,246.116123,114.75758,23.847785,21.260843,55.660314
2010-08-12,33.311433,12.858847,246.251254,113.405205,23.698842,20.94441,55.430702
2010-08-13,32.955547,12.759294,243.418414,113.025124,23.715864,20.867439,55.753861
2010-08-16,32.762394,12.825663,243.038043,112.936728,23.779697,20.952962,55.643308
2010-08-17,33.335247,12.925215,245.505512,113.537785,23.881828,21.245289,55.745362
2010-08-18,33.480775,13.024767,241.316318,114.368659,23.762675,21.339865,55.719843
2010-08-19,33.058742,12.651446,234.219226,113.93554,23.524366,21.013148,54.988484
2010-08-20,33.02699,12.468933,231.241244,112.698077,23.532878,20.832592,55.107543
2010-08-23,32.518963,12.352789,232.267276,111.787654,23.660542,20.875582,55.124549
2010-08-24,31.742372,12.087316,225.920917,110.399921,23.686076,20.669234,55.090531
2010-08-25,32.133974,12.087316,227.53754,110.726962,23.571177,20.720821,54.911942
2010-08-26,31.788676,12.029244,225.715716,108.526037,23.473301,20.48008,54.537753
2010-08-27,31.965957,12.20346,229.644641,110.249659,23.89885,20.574657,54.529254
2010-08-30,32.082378,12.045836,226.571582,109.074061,23.639265,20.325319,54.087029
2010-08-31,32.161759,12.012651,225.235232,108.835403,23.779697,20.179155,54.580277
2010-09-01,33.118276,12.452341,230.395404,111.168915,24.388233,20.548863,55.599907
2010-09-02,33.361704,12.568485,231.821826,110.523668,24.418021,20.583255,55.668455
2010-09-03,34.234876,12.767591,235.385394,112.768791,24.49462,20.88418,56.182554
2010-09-07,34.10787,12.80907,232.432437,111.328019,24.524408,20.60045,56.105442
2010-09-08,34.783915,13.024767,235.525531,111.442931,24.609518,20.574657,56.062598
2010-09-09,34.803758,13.198984,238.328326,111.690424,24.805271,20.64344,56.636675
2010-09-10,34.848741,13.257056,238.308307,113.131189,24.903147,20.505874,56.902297
2010-09-13,35.328983,13.481049,241.376376,114.56312,24.881706,21.589204,56.765201
2010-09-14,35.463927,13.406385,240.455463,113.891356,24.693047,21.520421,56.533859
2010-09-15,35.749691,13.555713,240.560565,114.40401,24.620154,21.597802,56.979409
2010-09-16,36.589786,13.56407,240.77077,114.616152,24.658744,21.778356,57.073661
2010-09-17,36.431028,13.614216,245.320331,115.075787,24.680184,21.683779,56.653815
2010-09-20,37.470896,13.831507,254.394397,116.49003,24.855981,21.864335,57.313574
2010-09-21,37.542336,13.806436,256.987003,116.657974,24.916009,21.623594,56.945135
2010-09-22,38.068885,13.78972,258.258274,117.179489,24.967461,21.159311,57.116506
2010-09-23,38.223673,13.488853,256.997013,116.383965,24.813103,21.00455,56.371058
2010-09-24,38.673487,13.923439,263.908908,118.540699,25.134682,21.305475,56.662378
2010-09-27,38.520021,13.731219,265.470462,119.018003,25.126107,21.262485,56.868023
2010-09-28,37.951139,13.739576,263.84885,119.230145,25.340493,21.219496,57.219321
2010-09-29,38.018611,13.672717,264.109104,119.751647,25.19471,21.064734,57.193617
2010-09-30,37.53969,13.580785,263.158176,118.567215,25.091806,21.056136,56.928001
2010-10-01,37.376964,13.672717,263.073062,119.893075,25.349069,20.96156,57.407826
2010-10-04,36.863645,13.455424,261.436435,119.548352,25.246164,20.557461,57.29644
2010-10-05,38.226319,13.798078,269.384403,121.67857,25.580607,20.935767,58.059021
2010-10-06,38.259396,14.124016,267.442447,121.837666,25.640635,21.00455,58.358911
2010-10-07,38.263363,14.249377,265.270267,122.615508,25.486276,21.090529,56.636675
2010-10-08,38.905009,14.30788,268.443454,122.730421,25.473414,21.124919,56.336784
2010-10-11,39.075677,14.17416,269.689701,123.446383,25.53773,21.142115,56.13971
2010-10-12,39.496385,14.366382,270.965976,123.614327,25.55488,21.348463,56.619541
2010-10-13,39.708064,14.441599,271.92194,124.073949,25.700663,21.786954,56.893727
2010-10-14,39.995149,14.341309,270.735752,125.072767,25.6878,21.692377,57.099365
2010-10-15,41.63962,13.622572,301.026035,124.683846,25.700663,21.958912,57.133639
2010-10-18,42.070912,13.580785,309.164158,126.248365,25.72639,22.199651,56.979409
2010-10-19,40.945053,13.430352,304.219212,122.005611,25.872173,21.580606,56.045464
2010-10-20,41.082643,13.413636,304.294285,122.924881,26.21948,21.76116,55.668455
2010-10-21,40.949023,13.455424,306.301304,123.596645,26.356687,21.855737,55.84839
2010-10-22,40.677811,13.421994,306.571568,123.455217,26.416715,21.821345,55.702729
2010-10-25,40.859058,13.421994,308.558567,123.605479,26.15945,21.657987,55.737004
2010-10-26,40.754542,13.505568,309.609623,124.339123,26.258069,22.268433,55.514225
2010-10-27,40.725439,13.463782,308.543553,125.010888,26.236629,22.397401,55.068668
2010-10-28,40.382784,13.438709,309.599613,124.542418,26.245205,22.595152,55.702729
2010-10-29,39.819193,13.388565,307.157169,126.928976,26.29237,22.930468,55.951212
2010-11-01,40.242547,13.330063,307.807804,126.681484,26.459592,23.171209,56.16542
2010-11-02,40.927855,13.321705,308.108097,127.141105,26.523908,23.549513,56.379628
2010-11-03,41.382962,13.421994,310.400395,127.432796,26.562498,23.239991,55.865523
2010-11-04,42.106635,13.798078,312.447453,129.748627,26.776884,23.334567,55.99405
2010-11-05,41.955815,13.98194,312.852848,129.863539,26.832625,23.08523,55.762707
2010-11-08,42.152939,13.965225,313.698704,130.032228,26.781171,23.050838,55.788411
2010-11-09,41.8169,13.89001,312.722721,129.748114,26.858351,23.171209,55.951212
2010-11-10,42.074883,13.831507,311.751744,130.11213,26.819761,23.162611,55.908368
2010-11-11,41.89231,13.66436,308.903904,129.117746,26.926954,22.939066,55.608477
2010-11-12,40.751896,13.580785,301.946964,127.617317,26.978407,22.586554,55.385699
2010-11-15,40.620923,13.538999,298.033024,127.528528,26.995558,22.52637,55.197194
2010-11-16,39.899895,13.254846,292.152164,126.285566,26.618239,22.327404,54.8716
2010-11-17,39.755689,13.21306,292.067081,126.028086,26.806898,22.119787,54.785915
2010-11-18,40.804816,13.40528,298.578587,128.16777,27.372879,22.353356,55.497085
2010-11-19,40.579911,13.555712,295.710728,128.780378,27.57869,22.223596,55.445677
2010-11-22,41.457047,13.396923,295.905918,129.082239,27.55725,22.258198,55.437107
2010-11-23,40.844507,13.171272,291.796787,127.120119,27.278548,21.730508,54.743074
2010-11-24,41.647558,13.321705,297.78278,129.455127,27.703034,21.946775,55.120083
2010-11-26,41.674018,13.204702,295.295292,127.75936,27.488648,21.842966,54.751644
2010-11-29,41.921416,13.346778,291.346348,126.862653,27.367761,21.89487,54.845896
2010-11-30,41.16467,13.229774,278.133152,125.593056,27.272779,21.851617,55.377129
2010-12-01,41.859236,13.622572,282.457462,128.212165,27.933335,22.52637,56.654732
2010-12-02,42.090759,13.940154,286.196201,128.895787,28.019684,23.261677,56.283537
2010-12-03,41.996826,14.023728,286.786777,129.073365,27.846989,23.374137,56.257641
2010-12-06,42.355355,13.956869,289.469486,128.72711,27.626804,23.218424,55.877818
2010-12-07,42.098697,14.232663,293.863865,127.86591,27.691563,23.244377,55.834653
2010-12-08,42.46913,14.241021,295.565556,128.718223,27.799498,23.5558,55.791488
2010-12-09,42.303759,14.316236,296.046055,128.114502,27.989463,23.42604,55.869183
2010-12-10,42.409597,14.809323,296.401402,128.57618,27.91175,23.650958,56.024568
2010-12-13,42.556449,14.725751,297.607609,128.096742,27.998096,23.573102,56.568409
2010-12-14,42.373877,14.784252,297.75275,129.464014,27.587948,23.893178,56.620202
2010-12-15,42.383136,14.617103,295.445438,128.487391,27.950605,24.092143,56.318068
2010-12-16,42.500883,14.851111,296.151157,128.336461,28.209646,24.213252,56.758324
2010-12-17,42.416213,14.79261,295.695713,128.735984,28.365071,24.135396,56.948239
2010-12-20,42.627889,14.79261,297.827824,128.30094,28.196694,24.057539,57.241739
2010-12-21,42.891163,14.959757,301.836826,129.392986,28.274407,24.282457,56.45619
2010-12-22,43.018169,15.212455,303.048039,129.579424,28.31758,24.386266,56.697897
2010-12-23,42.811786,15.19561,302.417423,129.526156,28.313265,24.481423,56.706532
2010-12-27,42.954668,15.321959,301.491489,129.037844,28.093078,24.282457,56.473452
2010-12-28,43.059185,15.431461,299.759769,129.366352,28.218282,24.230554,56.352598
2010-12-29,43.03537,15.389345,300.800816,130.085496,28.257137,24.19595,56.395763
2010-12-30,42.819724,15.321959,299.72974,130.218665,28.278725,24.092143,56.214483
2010-12-31,42.674196,15.406192,297.282291,130.298567,28.395292,24.144047,56.395763
2011-01-03,43.601607,15.397769,302.477482,130.937809,28.157839,24.204601,56.758324
2011-01-04,43.829162,15.675737,301.361363,131.079866,27.574995,24.299759,56.464824
2011-01-05,44.18769,15.701006,304.839848,130.556047,27.410936,24.221903,57.483446
2011-01-06,44.151967,15.63362,307.057072,131.985461,27.212336,24.931258,57.699257
2011-01-07,44.468162,15.524118,308.528538,131.337332,27.164845,24.740944,57.3108
2011-01-10,45.305611,15.591504,307.412419,131.079866,27.225289,24.412217,57.0173
2011-01-11,45.198449,15.692582,308.313328,130.760245,27.065546,24.317061,57.259008
2011-01-12,45.56624,15.726276,308.743748,132.37611,27.216654,24.69769,57.604307
2011-01-13,45.732936,15.667314,308.65366,132.127517,27.37208,24.386266,57.759691
2011-01-14,46.10337,15.852625,312.402409,133.175156,27.255511,24.481423,57.647465
2011-01-18,45.067475,15.667314,320.135136,133.752242,27.406618,24.792848,57.466184
2011-01-19,44.828015,15.439884,316.191197,138.226935,27.380713,24.628484,56.887812
2011-01-20,44.013055,15.524118,313.698704,138.324598,27.169163,24.524677,56.887812
2011-01-21,43.224556,16.627568,306.221226,138.058245,27.100085,24.239205,56.861916
2011-01-24,44.644118,16.880267,305.84586,141.725005,27.307318,24.550628,57.12952
2011-01-25,45.166696,16.829726,310.265263,143.331983,27.182115,24.611184,56.775586
2011-01-26,45.49083,16.779187,308.558567,142.976841,27.182115,24.896656,56.853282
2011-01-27,45.406157,17.082426,308.703709,143.003489,27.069864,24.974513,56.594306
2011-01-28,44.465516,17.01504,300.795811,141.352116,26.858312,24.005636,55.592945
2011-01-31,44.891516,16.964499,300.480473,143.829168,27.134623,23.988334,55.51525
2011-02-01,45.646942,17.520436,305.82584,145.214187,27.220971,24.213252,56.154056
2011-02-02,45.553009,17.444626,306.306309,144.983355,27.138942,24.169999,55.808757
2011-02-03,45.436588,17.47832,305.380375,145.187553,27.013738,23.919129,55.403031
2011-02-04,45.84142,17.318277,305.795811,145.604837,27.009421,24.022938,55.109527
2011-02-07,46.553184,17.5794,307.452458,146.332867,26.992151,24.394917,54.971408
2011-02-08,46.992418,17.924755,309.499516,148.008606,27.143258,24.464122,55.394396
2011-02-09,47.38402,17.950023,308.558567,146.760708,27.264146,24.19595,55.610207
2011-02-10,46.905099,17.916331,308.528538,146.261555,27.432522,23.789369,54.69517
2011-02-11,47.21071,17.96687,312.562565,146.04764,27.445474,23.573102,55.135424
2011-02-14,47.518964,18.110066,314.389408,145.486085,27.259827,23.5558,54.677905
2011-02-15,47.614221,18.076372,312.387394,145.147368,27.281414,23.46008,55.549781
2011-02-16,48.041542,18.059527,312.422428,145.646521,27.37208,23.512292,55.213116
2011-02-17,47.402542,18.126913,312.942936,146.395265,27.868577,23.677625,55.851915
2011-02-18,46.378553,18.059527,315.355351,146.930067,27.868577,23.547098,54.738332
2011-02-22,44.797584,17.537283,305.410404,144.354067,27.527503,23.138114,54.51389
2011-02-23,45.3281,17.158236,305.965977,142.776375,27.592264,23.138114,54.323975
2011-02-24,45.362499,17.45509,304.714726,143.302281,27.579313,23.294746,54.410298
2011-02-25,46.061037,17.658648,305.325321,144.648214,27.764958,23.103306,54.902347
2011-02-28,46.729143,17.743464,307.007023,144.29168,27.596581,23.129412,54.746963
2011-03-01,46.213178,17.175198,300.680698,142.589199,28.024002,22.763935,54.565682
2011-03-02,46.584936,17.234569,300.695713,142.758557,27.816767,22.694321,54.748349
2011-03-03,47.569238,17.599277,305.085087,145.717831,28.308946,22.798743,55.452929
2011-03-04,47.627448,17.276978,300.6106,144.24711,28.153521,22.581198,55.148482
2011-03-07,47.013583,17.285458,296.126133,142.553537,28.157839,22.381055,55.209372
2011-03-08,47.066503,17.497498,296.45145,144.648214,28.339168,22.54639,55.487723
2011-03-09,46.63124,17.497498,296.181187,147.839247,28.330535,22.528986,56.235795
2011-03-10,45.863909,17.047975,290.440433,144.416468,28.188061,22.1113,56.044427
2011-03-11,46.567739,17.268496,288.64365,144.781911,28.183711,22.346249,56.235795
2011-03-14,46.775447,16.895306,285.280277,143.854914,27.805378,22.354951,55.79217
2011-03-15,45.699859,16.632378,285.065067,141.742419,27.409649,22.093896,54.809238
2011-03-16,43.659819,16.072594,278.82883,136.376491,26.78779,21.571788,54.200346
2011-03-17,44.272359,16.301595,280.960972,137.428277,27.083499,21.563086,54.870131
2011-03-18,43.747135,16.32704,280.810825,138.952491,27.266144,21.580489,55.009307
2011-03-21,44.88887,16.725674,288.538547,140.548001,27.644478,22.041685,55.757375
2011-03-22,45.140239,16.530598,288.948948,140.833239,27.618385,22.015579,55.618199
2011-03-23,44.874319,16.564525,291.371372,142.197003,27.948883,22.224424,55.844358
2011-03-24,45.639004,16.776565,293.738743,142.651586,28.13153,22.459372,55.844358
2011-03-25,46.508205,16.751119,290.16016,144.559074,28.362008,22.294039,55.652994
2011-03-28,46.362677,16.751119,287.96796,143.837083,28.279383,22.1113,55.966137
2011-03-29,46.43147,16.844417,291.156162,145.183029,28.579442,22.180914,55.80957
2011-03-30,46.123217,17.056457,291.211216,145.824802,28.718599,22.285337,56.583736
2011-03-31,46.10734,17.005566,293.673679,145.352388,28.849057,22.093896,56.027033
2011-04-01,45.584762,17.251533,296.196201,146.422005,29.231742,22.172212,56.731609
2011-04-04,45.138915,17.412683,294.134129,146.404174,29.423084,22.233125,56.618524
2011-04-05,44.834628,17.243051,284.829838,146.172428,29.340459,22.433267,57.044755
2011-04-06,44.722174,17.429645,287.377384,146.216985,29.410036,22.755233,57.192628
2011-04-07,44.727466,17.260014,290.290287,146.520054,29.327413,22.798743,57.340501
2011-04-08,44.327926,17.124309,289.369358,146.225907,29.253483,22.685619,57.175234
2011-04-11,43.764332,17.115828,288.973972,146.136766,29.310018,22.607303,57.444886
2011-04-12,43.976011,16.971641,285.59058,145.512824,29.092585,22.311441,57.905905
2011-04-13,44.469483,16.91227,288.42844,146.136766,29.257833,22.302739,57.801521
2011-04-14,43.978657,16.963159,289.544559,147.045947,29.705745,22.120002,58.018983
2011-04-15,43.322456,16.997086,265.615604,148.151225,29.575287,22.076493,58.375625
2011-04-18,43.903247,16.946195,263.683689,147.910557,29.270878,21.82414,58.410419
2011-04-19,44.698359,17.192162,261.026035,147.429221,29.175207,21.885052,58.114667
2011-04-20,45.300319,17.302422,263.128147,146.849849,29.505707,22.415863,58.566993
2011-04-21,46.397072,16.920752,262.812809,149.996312,29.518752,22.20702,58.636582
2011-04-25,46.702683,16.869861,262.787784,149.452588,29.457871,22.285337,58.306035
2011-04-26,46.360031,17.047975,266.67667,150.183501,29.10563,22.790041,58.897533
2011-04-27,46.324308,17.514461,269.149143,151.859229,29.136071,22.955375,59.088901
2011-04-28,45.874493,17.472054,269.254245,152.224686,29.314368,23.242534,60.645933
2011-04-29,46.321662,17.344831,272.32233,152.046419,29.336109,22.555092,59.923956
2011-05-02,45.812313,17.370274,269.549564,153.445831,29.449175,22.328845,60.289292
2011-05-03,46.066329,17.505979,267.212223,154.087603,29.518752,22.459372,60.532849
2011-05-04,46.247576,17.192162,268.163181,152.082067,29.336109,22.676917,60.741617
2011-05-05,45.874493,16.878343,267.402408,150.156762,29.005609,22.441969,59.871768
2011-05-06,45.862588,16.971641,267.917911,151.213252,29.092585,22.511584,60.254497
2011-05-09,45.986948,17.02253,269.109104,151.401278,29.114326,22.476776,60.732917
2011-05-10,46.2317,17.217606,271.601597,152.547307,29.283924,22.337547,60.915585
2011-05-11,45.937998,17.039493,267.992984,151.759407,29.275228,22.067791,61.063458
2011-05-12,45.850679,17.0819,267.792789,154.212632,29.705745,22.032983,61.724545
2011-05-13,45.047628,16.869861,265.040042,152.135446,29.649214,21.780632,61.376604
2011-05-16,44.095079,16.759601,259.469486,151.186393,29.497011,21.380347,61.515783
2011-05-17,44.470808,16.615414,265.495487,152.654743,29.566588,21.476695,61.855024
2011-05-18,44.96428,16.759601,265.170169,152.601025,29.701399,21.625595,61.994197
2011-05-19,45.051599,16.929232,265.890903,152.73532,29.770976,21.651871,62.437822
2011-05-20,44.349094,16.64086,262.277286,152.350332,29.701399,21.450418,62.020298
2011-05-23,44.240607,16.445782,259.454471,150.649186,29.349154,21.170135,61.794135
2011-05-24,43.948229,16.199817,259.389408,150.407455,29.340459,21.152617,61.741946
2011-05-25,44.555477,16.301595,260.095096,150.192569,29.096934,21.187653,61.28092
2011-05-26,44.319988,16.471227,259.324314,149.682221,29.005609,21.608077,61.254826
2011-05-27,44.638826,16.488191,260.710727,149.968735,28.922987,21.686907,61.237432
2011-05-31,46.017375,16.657821,264.774784,151.249059,29.053445,21.905878,61.863724
2011-06-01,45.710443,16.225261,263.063053,149.127118,29.031704,21.397865,61.587723
2011-06-02,45.788499,16.191335,264.294284,148.706309,28.718599,21.213929,60.904292
2011-06-03,45.436588,15.962332,261.801792,147.775166,28.496816,20.942405,60.431146
2011-06-06,44.722174,15.656995,260.790805,147.506562,28.44898,21.029994,60.361049
2011-06-07,43.928382,15.673958,259.774784,146.557508,28.353309,21.073787,60.396098
2011-06-08,43.954843,15.699404,259.844852,147.139471,28.440285,20.968682,60.317237
2011-06-09,43.855618,15.758775,258.62363,147.587139,28.653368,20.986198,60.904292
2011-06-10,43.116072,15.538253,255.010013,146.100878,28.435935,20.767227,60.185813
2011-06-13,43.20868,15.597624,252.617618,146.09193,28.523539,21.056271,60.510001
2011-06-14,43.981303,15.775738,254.439441,146.942496,28.738165,21.213929,60.956862
2011-06-15,43.228523,15.597624,251.726734,145.339851,28.457836,20.793504,60.001813
2011-06-16,43.018169,15.768652,250.435443,145.644262,28.685602,21.021235,60.361049
2011-06-17,42.369906,15.811408,242.75275,147.22901,28.742546,21.248965,60.212098
2011-06-20,41.716354,15.802856,242.532535,147.748307,28.834529,21.4329,60.43991
2011-06-21,43.036692,16.08505,246.746753,148.822707,29.022876,21.686907,60.396098
2011-06-22,42.680809,15.871267,243.748752,148.339218,29.084198,21.590559,60.264667
2011-06-23,43.821224,15.717343,240.35036,148.733168,28.462217,21.573041,59.563716
2011-06-24,43.175606,15.366738,237.677676,147.793076,28.440315,21.283999,59.975522
2011-06-27,43.928382,15.631831,241.64165,150.076171,28.562959,22.072297,60.501244
2011-06-28,44.354386,15.768652,247.07207,152.216023,28.922131,22.597826,61.000674
2011-06-29,44.192982,15.871267,249.03403,152.69055,29.219981,22.440169,61.298577
2011-06-30,44.408628,16.127808,253.443454,153.594848,29.474031,22.773004,61.71039
2011-07-01,45.412773,16.418553,260.775791,156.271893,29.824441,22.790522,61.500105
2011-07-05,46.229054,16.281732,266.486484,157.068741,29.916427,22.799281,61.132098
2011-07-06,46.537308,16.290282,267.94794,159.110119,30.017168,23.062046,61.482577
2011-07-07,47.257014,16.504065,273.573581,158.008846,30.113532,23.447436,61.789244
2011-07-08,47.589082,16.238974,266.261264,158.017809,30.082871,23.578818,61.272293
2011-07-11,46.83366,15.931126,263.903904,156.674805,29.828822,23.324811,60.720292
2011-07-12,46.800583,15.717343,267.272281,155.833187,29.719318,23.245983,60.466195
2011-07-13,47.365498,15.828511,269.399418,156.074932,29.811301,23.324811,60.361049
2011-07-14,47.332424,15.845614,264.734745,155.994341,29.640475,23.184669,60.106952
2011-07-15,48.278357,15.742997,299.109104,157.167229,29.579153,23.456195,60.045619
2011-07-18,49.453169,15.640382,297.767765,156.934446,29.399569,23.289776,59.581237
2011-07-19,49.856677,15.88837,301.576572,165.825137,30.363201,24.121867,60.054383
2011-07-20,51.186277,16.067949,297.972965,164.428402,30.166095,23.701441,60.01057
2011-07-21,51.237876,16.384347,303.798802,165.547572,30.371959,23.736478,57.977799
2011-07-22,52.032988,16.281732,309.424442,165.798265,30.542788,24.113108,57.618562
2011-07-25,52.720939,16.21332,309.799809,164.473172,30.336921,24.445944,56.400652
2011-07-26,53.370527,15.871267,311.571568,163.783759,30.30626,24.594844,56.137791
2011-07-27,51.939056,15.486458,303.913914,162.369141,30.087252,23.937931,55.953791
2011-07-28,51.837186,15.486458,305.775791,162.772039,30.139812,24.279525,55.980076
2011-07-29,51.659905,15.315431,302.14716,162.816809,29.789402,23.999242,56.111507
2011-08-01,52.489416,15.366738,303.688694,161.831934,29.666758,23.885378,55.953791
2011-08-02,51.452197,14.716837,296.496494,159.41453,29.377667,23.473711,55.357979
2011-08-03,51.93641,14.939172,300.885899,160.112891,29.960228,23.578818,56.497034
2011-08-04,49.925473,14.084039,289.049045,153.532168,28.830148,22.720451,55.50693
2011-08-05,49.429355,14.118245,289.809818,154.875171,29.246261,22.492721,56.663507
2011-08-08,46.729143,13.194701,273.283298,149.470775,28.523539,21.441659,55.173979
2011-08-09,49.480951,13.647922,286.992008,153.418414,29.206841,22.405132,55.279121
2011-08-10,48.115631,12.903956,274.779789,146.161585,28.01544,21.196412,52.852061
2011-08-11,49.439939,13.408485,281.346348,149.92938,29.114859,22.063538,55.086357
2011-08-12,49.875199,13.579511,282.167179,151.251256,29.408328,21.984708,55.357979
2011-08-15,50.724557,14.015628,278.893894,155.558597,29.872623,22.343821,55.699694
2011-08-16,50.336922,13.810397,269.769779,153.984937,29.859483,22.343821,55.86617
2011-08-17,50.33163,13.878807,266.841831,154.200744,30.34568,22.255679,56.619701
2011-08-18,48.427856,13.117739,252.692691,147.321605,29.679898,21.74446,55.279121
2011-08-19,47.102223,12.903956,245.705707,141.665412,29.390807,21.197983,54.385402
2011-08-22,47.156465,12.921058,249.334339,142.960312,29.465269,21.136284,54.253971
2011-08-23,49.426709,13.288766,259.669681,147.762235,30.249316,21.78853,55.620836
2011-08-24,49.76804,13.44269,261.906925,149.956356,30.520886,21.947184,55.8136
2011-08-25,49.442585,13.211804,260.280277,148.895266,29.771881,21.656318,55.217788
2011-08-26,50.747046,13.288766,263.693698,152.096538,30.004028,22.255679,55.340454
2011-08-29,51.592433,13.716333,269.809818,155.225871,30.542788,22.775713,56.216652
2011-08-30,51.595079,13.784744,270.620609,155.126955,30.599729,23.119464,56.532076
2011-08-31,50.912421,13.947218,270.750766,154.587422,30.858156,23.445587,56.90746
2011-09-01,50.409686,13.853154,266.516513,153.16663,30.858156,23.101835,56.660152
2011-09-02,49.486243,13.476895,262.682682,150.154188,30.547166,22.740456,55.909392
2011-09-06,50.239023,13.040777,261.351352,148.472624,30.411383,22.484847,55.158635
2011-09-07,50.79335,13.511101,267.282291,150.450938,31.011464,22.916739,54.425541
2011-09-08,50.821135,13.331523,267.747745,148.598516,31.173528,23.110649,54.178233
2011-09-09,49.940025,12.903956,262.687686,145.109482,30.385103,22.687572,52.985854
2011-09-12,50.265479,12.835546,265.325321,146.053681,30.38948,22.819783,53.118339
2011-09-13,50.884636,13.177598,265.025028,146.961903,30.473271,22.951996,53.471638
2011-09-14,51.503793,13.502549,266.301303,150.387998,30.768742,23.357446,54.390213
2011-09-15,51.988006,13.882415,271.551548,152.950809,31.319995,23.789338,55.838734
2011-09-16,52.985538,14.098249,273.61362,155.558597,31.412609,23.903922,54.805336
2011-09-19,54.45802,13.968749,273.608616,155.684489,31.086264,23.983248,53.489303
2011-09-20,54.698802,13.847883,273.588596,157.114269,31.156826,23.780523,53.33915
2011-09-21,54.525492,13.278082,269.869877,155.585573,30.552652,22.907925,53.692449
2011-09-22,53.160173,12.984548,260.59058,151.628933,29.908789,22.08821,53.807269
2011-09-23,53.48827,13.131315,263.018009,152.276383,29.732387,22.08821,53.294989
2011-09-26,53.338774,13.442115,266.211216,156.925424,30.323332,22.423148,54.664017
2011-09-27,52.821488,13.606149,269.939945,159.802986,30.680543,22.625873,55.14097
2011-09-28,52.523815,13.338515,264.684696,159.659105,30.014628,22.546546,54.734678
2011-09-29,51.671814,13.692482,264.014011,161.11586,30.451223,22.431963,55.273458
2011-09-30,50.448052,13.139948,257.777774,157.249149,29.794127,21.93837,54.672852
2011-10-03,49.559007,12.68238,248.008014,155.828357,28.850382,21.621063,53.250827
2011-10-04,49.281181,12.829147,251.201206,157.132258,28.766594,22.335007,53.392146
2011-10-05,50.041895,13.183115,252.602603,159.029643,28.898893,22.819783,53.250827
2011-10-06,49.925473,13.407581,257.612613,163.381935,28.837152,23.21642,53.498134
2011-10-07,48.923974,13.381682,257.817813,164.011397,29.062065,23.137092,53.895595
2011-10-10,51.438967,13.934215,268.853855,167.815155,29.503067,23.745268,54.646352
2011-10-11,52.957753,13.934215,271.86185,166.3584,29.458968,23.798152,53.833768
2011-10-12,53.209122,14.158682,274.52454,167.365538,29.758849,23.762895,55.379447
2011-10-13,54.034662,14.003282,279.774784,167.995013,29.723568,23.956807,55.079143
2011-10-14,55.829953,14.33135,296.136143,171.331166,29.922018,24.036134,54.973155
2011-10-17,55.564036,14.011915,291.496494,167.788179,29.547167,23.780523,54.664017
2011-10-18,55.861705,14.426315,295.550541,160.873063,29.432505,24.07139,55.123305
2011-10-19,52.736815,14.262283,290.640659,159.515224,29.560396,23.912735,54.858332
2011-10-20,52.298909,14.357249,292.12714,159.389332,29.600088,23.833409,54.867163
2011-10-21,51.976101,14.080982,295.540531,163.327984,30.071961,23.939178,55.008482
2011-10-24,53.682751,14.20185,298.508518,163.885505,29.93084,23.965621,54.849498
2011-10-25,52.624364,14.003282,291.87186,162.185952,29.525115,23.630683,54.60219
2011-10-26,52.998768,14.115516,293.44846,163.63372,29.754438,23.436773,54.770006
2011-10-27,53.539869,14.996117,299.634647,167.149731,30.23954,24.018505,55.538431
2011-10-28,53.574264,14.892517,300.370365,168.561522,30.398302,23.780523,55.821069
2011-10-31,53.551774,14.426315,296.616611,166.025687,30.12929,23.472029,55.600258
2011-11-01,52.457667,13.830616,289.614628,163.076199,29.564807,22.907925,54.964321
2011-11-02,52.576735,14.029182,292.702702,165.387225,29.886737,22.925553,55.123305
2011-11-03,53.325544,14.391783,299.049046,168.426642,30.274821,23.383889,55.46777
2011-11-04,52.95114,14.150049,298.368382,167.599348,29.891148,23.137092,54.752344
2011-11-07,52.883668,14.150049,304.469486,168.444631,30.080779,23.621869,55.202797
2011-11-08,53.743606,14.227749,306.476475,169.058557,30.274821,23.939178,56.227361
2011-11-09,52.294938,13.683849,300.775791,164.535286,29.560396,23.093022,55.008482
2011-11-10,50.964017,13.865148,297.837833,165.53745,29.719157,23.163535,55.609089
2011-11-11,50.884636,14.072348,304.479496,169.175932,30.041091,23.718825,55.891727
2011-11-14,50.175518,13.899683,306.806797,169.148847,29.895559,23.586613,55.46777
2011-11-15,51.441613,13.986016,308.588597,170.412831,29.988169,23.746462,56.969287
2011-11-16,50.904483,13.770182,306.04105,168.489757,29.551578,23.151468,57.490398
2011-11-17,49.930765,13.502549,300.735752,167.686222,29.379587,22.680803,56.607153
2011-11-18,49.60399,13.511181,297.737736,167.243834,29.719157,22.467669,56.430507
2011-11-21,48.819458,13.157215,290.760776,163.849112,29.084113,22.201255,55.776907
2011-11-22,49.811698,12.941381,290.290287,163.695629,29.092935,22.014765,55.803404
2011-11-23,48.552216,12.716914,285.340336,160.662054,28.607833,21.730588,55.114474
2011-11-25,48.099755,12.691014,281.781772,159.858519,28.5505,21.579619,55.193966
2011-11-28,49.760102,12.777348,294.389408,164.508202,28.740131,22.085809,55.635588
2011-11-29,49.373788,12.880948,291.756748,163.361579,29.402,22.059167,56.227361
2011-11-30,50.564474,13.735649,299.994999,169.735694,29.863975,22.716324,56.988693
2011-12-01,51.322545,13.735649,307.192204,171.044823,29.686292,22.44991,57.06883
2011-12-02,51.556714,13.891049,310.490483,171.234427,29.486397,22.396625,57.238018
2011-12-05,51.994623,14.098249,313.138157,172.299783,29.455303,22.822891,57.344874
2011-12-06,51.722085,14.434949,312.197209,174.195772,29.61966,22.787368,57.567486
2011-12-07,51.476012,14.452216,312.007023,175.197936,29.66408,22.734085,57.799004
2011-12-08,51.68372,14.080982,308.333347,172.967897,29.641872,22.556475,57.282543
2011-12-09,52.075325,14.53855,314.024021,175.658384,30.015003,22.822891,58.048329
2011-12-12,51.839832,14.210482,313.008,173.509598,29.712943,22.654161,57.576392
2011-12-13,51.438967,14.175949,313.128147,172.579664,29.53082,22.876173,57.238018
2011-12-14,50.298556,14.339983,309.344334,170.385747,29.433094,22.725205,56.970884
2011-12-15,50.133181,14.495384,310.080082,169.266208,29.712943,22.698563,57.745573
2011-12-16,50.408361,14.685317,313.293308,165.736078,29.957258,23.089305,57.620911
2011-12-19,50.565798,14.555817,311.226231,165.122133,29.926163,22.671922,57.318162
2011-12-20,52.383579,14.918417,315.500492,169.049533,30.383695,23.115947,58.351078
2011-12-21,52.449729,15.272384,313.22324,163.840088,30.903415,22.876173,58.805209
2011-12-22,52.727555,15.734391,315.165165,164.354705,30.734618,22.920575,58.805209
2011-12-23,53.359942,15.891299,316.886906,166.801433,31.067773,23.115947,59.277145
2011-12-27,53.783297,15.699523,320.445439,166.982,31.041118,23.124828,59.107958
2011-12-28,53.268656,15.542615,320.17017,166.115273,30.876764,22.929456,58.689453
2011-12-29,53.596757,15.751825,321.521519,168.092501,31.165499,23.107067,59.250433
2011-12-30,53.580881,15.612352,323.273289,166.015959,31.081098,23.053782,59.081245
2012-01-03,54.4051,16.004622,333.038029,168.200853,31.156613,23.773104,59.125771
2012-01-04,54.697481,16.178964,334.474492,167.514678,30.961161,24.332575,59.42852
2012-01-05,55.304729,16.170246,329.834843,166.72018,30.814576,24.58123,58.96549
2012-01-06,55.882874,16.257418,325.335331,164.80613,30.619124,24.963092,58.226416
2012-01-09,55.794234,16.440478,311.541538,163.948426,30.619124,24.634512,58.529172
2012-01-10,55.994003,16.318437,311.881901,163.695629,30.801247,24.723318,58.466841
2012-01-11,55.902717,16.457911,313.293308,164.607516,30.232663,24.616751,57.888048
2012-01-12,55.749251,16.501498,315.135136,163.009468,30.015003,24.865406,57.540774
2012-01-13,55.540222,16.423044,312.807804,161.754508,29.757363,25.087418,57.344874
2012-01-17,56.18716,16.335872,314.604618,162.512898,29.917277,25.096299,57.567486
2012-01-18,56.770597,16.579952,316.771763,163.478954,30.023886,25.069657,57.745573
2012-01-19,56.590671,16.693274,320.105107,162.982384,29.961697,24.971972,58.689453
2012-01-20,55.605048,16.693274,293.288303,170.205179,30.245989,26.383971,59.018914
2012-01-23,56.545688,16.510215,293.053043,171.523332,30.441441,26.401732,58.858633
2012-01-24,55.619599,16.423044,290.755772,173.283886,30.161592,26.055393,58.947677
2012-01-25,59.092434,16.675839,285.030033,173.103318,30.397021,26.250763,59.392901
2012-01-26,58.823867,16.623537,284.334324,172.426181,30.210455,26.197481,59.23262
2012-01-27,59.174461,16.588669,290.280277,171.95671,29.957258,25.957707,58.600403
2012-01-30,59.932529,16.475346,289.134128,173.798516,29.96614,26.295167,58.244229
2012-01-31,60.391603,16.30972,290.345341,173.888807,29.997235,26.224123,58.47574
2012-02-01,60.353237,16.362024,290.705723,173.906854,30.13938,26.54382,59.107958
2012-02-02,60.21168,16.344589,292.847843,172.922751,30.130498,26.597104,59.125771
2012-02-03,60.814961,16.579952,298.463474,174.827764,30.241549,26.854638,59.357289
2012-02-06,61.382518,16.606102,304.849857,174.087435,30.219338,26.819117,59.23262
2012-02-07,62.025493,16.719426,303.688694,174.565944,30.450327,26.952324,59.446333
2012-02-08,63.064037,16.771728,305.230229,174.883166,30.352601,27.227619,59.42852
2012-02-09,65.245637,16.675839,306.036045,175.046319,30.192686,27.325305,57.229111
2012-02-10,65.278711,16.457911,303.258274,174.402793,30.179361,27.085531,56.944172
2012-02-13,66.493214,16.623537,306.406407,174.584063,30.401464,27.156575,56.712653
2012-02-14,67.400777,16.510215,305.185185,174.221523,30.605798,27.040368,56.561278
2012-02-15,65.840976,16.353307,303.083073,174.248713,30.383695,26.861588,56.160576
2012-02-16,66.441614,16.571235,303.563572,174.946618,30.588029,27.970021,55.857823
2012-02-17,66.429709,16.806597,302.622624,175.309158,30.67243,27.934264,55.813302
2012-02-21,68.11387,16.919919,307.307316,175.281969,30.570261,28.104105,56.222907
2012-02-22,67.874406,16.902484,304.274265,175.71702,30.76127,27.952143,56.187288
2012-02-23,68.317604,16.981632,303.358372,179.106831,30.730175,28.041533,56.214004
2012-02-24,69.114041,16.920072,305.255253,179.24278,30.650218,28.13986,56.374285
2012-02-27,69.557246,16.770571,304.959965,179.03432,30.574704,28.023654,56.383188
2012-02-28,70.833925,16.849719,309.504521,179.442182,30.583586,28.488481,56.383188
2012-02-29,71.763985,16.752982,309.434452,178.309225,31.032236,28.372273,56.504381
2012-03-01,72.032545,16.814543,311.511509,179.03432,30.916741,28.863918,56.154259
2012-03-02,72.126481,16.682628,310.935948,180.194466,30.730175,28.6762,56.127328
2012-03-05,70.536256,16.577098,307.432438,181.871248,30.752387,28.425907,56.369721
2012-03-06,70.152585,16.198947,302.78278,178.789597,30.54361,28.211372,55.911866
2012-03-07,70.209476,16.506745,303.703709,179.251853,30.556935,28.461663,56.217102
2012-03-08,71.704444,16.735395,303.873875,181.100832,30.770152,28.613624,56.513361
2012-03-09,72.125159,16.744189,300.425419,181.834985,30.876764,28.595748,56.692911
2012-03-12,73.028752,16.823335,302.877873,182.179408,31.161056,28.640443,57.402131
2012-03-13,75.15876,17.22787,309.199192,184.699103,31.434006,29.203596,57.761229
2012-03-14,78.000533,17.403755,308.303318,185.551088,31.420583,29.292987,57.50986
2012-03-15,77.468692,17.72914,310.875889,186.711234,31.469804,29.364497,57.608613
2012-03-16,77.470013,17.764318,312.832829,186.720293,31.393736,29.141023,57.877941
2012-03-19,79.524611,17.773111,317.307316,186.457453,31.501126,28.783467,58.111358
2012-03-20,80.167578,17.649992,317.062077,185.125095,31.586141,28.595748,58.605116
2012-03-21,79.709826,17.649992,320.310307,185.523898,31.823297,28.524236,58.676938
2012-03-22,79.291767,17.45652,323.348362,186.248993,31.957532,28.604687,58.703869
2012-03-23,78.856504,17.394961,321.616612,186.239921,31.988854,28.613624,58.623075
2012-03-26,80.302522,17.632403,324.989994,188.315505,32.172314,29.132086,59.053991
2012-03-27,81.294766,17.623611,323.833836,187.780739,32.158891,29.069513,59.260477
2012-03-28,81.710182,17.597227,328.208226,187.880439,32.512384,28.774526,59.188655
2012-03-29,80.683544,17.544463,324.529545,188.768687,33.02696,28.711953,59.269449
2012-03-30,79.319549,17.649992,320.940953,189.113097,33.116453,28.837098,59.565709
2012-04-02,81.843805,17.606022,323.783787,189.856323,33.174622,28.863918,59.91583
2012-04-03,83.258071,17.553255,321.631626,189.883513,33.004589,28.551053,59.754235
2012-04-04,82.595256,17.359783,317.892887,186.756555,32.87035,27.898508,59.556729
2012-04-05,83.834891,17.139928,316.476475,186.230862,32.874825,28.175617,59.386161
2012-04-09,84.172255,16.884896,315.735752,185.75049,32.60635,27.80018,58.667959
2012-04-10,83.141653,16.480362,313.743748,183.384876,32.226007,27.237025,58.219084
2012-04-11,82.845304,16.717806,318.298313,183.611467,32.270756,27.129758,58.488411
2012-04-12,82.391515,16.972837,325.830845,186.094913,32.315501,27.692912,58.69489
2012-04-13,80.071,16.60348,312.612614,183.810869,32.190213,27.540949,58.40761
2012-04-16,76.750314,16.621069,303.338352,183.738358,32.413943,27.782302,59.242518
2012-04-17,80.662375,17.008015,305.090092,188.025461,33.089604,28.104105,59.610599
2012-04-18,80.482452,16.796954,304.029026,181.390875,33.188045,27.835935,59.440024
2012-04-19,77.717411,16.83213,299.949955,180.828919,33.031435,27.719729,59.386161
2012-04-20,75.804378,17.025604,298.328342,180.910503,33.170146,28.980122,59.817077
2012-04-23,75.635032,16.770571,299.099094,180.022255,32.973267,28.711953,59.413093
2012-04-24,74.124187,17.1839,300.935947,181.273043,33.165674,28.533175,59.709352
2012-04-25,80.702069,17.104752,305.165165,184.508774,33.528115,28.783467,59.852988
2012-04-26,80.39778,17.254254,308.043034,186.330563,33.877133,28.703016,59.583667
2012-04-27,79.77598,17.394961,307.797794,187.445388,34.288794,28.586808,59.341271
2012-04-30,77.259659,17.219076,302.727726,187.690111,34.150083,28.622565,59.251497
2012-05-01,77.01491,17.412548,302.517521,188.523965,34.423033,28.613624,59.691393
2012-05-02,77.524255,17.386166,303.933933,188.578345,34.525951,28.425907,59.996631
2012-05-03,76.973895,17.245459,305.81583,187.835132,34.651239,28.390152,60.068453
2012-05-04,74.78171,17.008015,298.783787,185.795811,34.454355,27.692912,59.161724
2012-05-07,75.341333,16.990426,304.079075,184.671913,34.579643,27.397926,59.808105
2012-05-08,75.169344,16.928867,306.701695,183.379478,34.516999,27.263842,59.718324
2012-05-09,75.301646,16.629863,304.879887,183.151938,34.355914,27.496255,59.197635
2012-05-10,75.478919,16.788159,307.13715,182.578545,34.637815,27.478377,59.960721
2012-05-11,74.974867,16.717806,302.917912,183.09733,34.664662,27.853814,59.9697
2012-05-14,73.85165,16.357243,302.302311,181.522753,34.396187,27.424744,60.283911
2012-05-15,73.183543,16.181358,305.860874,181.15868,34.261948,27.181807,60.912333
2012-05-16,72.245548,16.709011,314.779789,181.786694,34.154559,26.902881,61.72031
2012-05-17,70.134066,16.60348,311.836827,180.111999,33.613133,26.740924,61.738262
2012-05-18,70.168461,16.665041,300.500492,178.282578,33.134352,26.336032,61.15473
2012-05-21,74.256482,16.814543,307.36237,179.993674,33.340183,26.767917,61.029045
2012-05-22,73.686282,16.867308,300.700718,179.138133,33.196996,26.776915,61.118819
2012-05-23,75.484211,16.867308,305.035038,178.501008,33.358082,26.19207,61.046997
2012-05-24,74.790973,16.928867,302.132145,178.473705,33.810013,26.156079,61.774173
2012-05-25,74.390105,16.884896,296.061069,176.84452,33.662354,26.147081,61.621557
2012-05-29,75.710442,17.016809,297.467472,178.810474,33.765268,26.596962,62.241006
2012-05-30,76.623304,16.744189,294.409428,177.053854,33.586284,26.399015,61.723477
2012-05-31,76.432797,16.788159,290.720737,175.570285,33.438625,26.264051,61.388709
2012-06-01,74.218116,16.304478,285.775791,172.093472,32.704788,25.598227,61.08109
2012-06-04,74.6547,15.961503,289.584598,171.601977,32.950892,25.688202,61.053948
2012-06-05,74.461551,16.040651,285.490482,172.202687,32.771908,25.652212,60.619655
2012-06-06,75.603286,16.60348,290.575565,176.562372,33.384928,26.408013,61.062991
2012-06-07,75.637681,16.709011,289.404423,176.971942,33.237266,26.30004,61.2349
2012-06-08,76.775446,16.884896,290.515507,177.609053,33.666826,26.67794,61.804903
2012-06-11,75.564914,16.805748,284.53455,175.215322,33.407303,26.003119,61.569667
2012-06-12,76.225086,17.131133,282.832828,177.072061,33.648928,26.354027,61.886336
2012-06-13,75.695894,17.034398,280.82584,175.752328,33.648929,26.210064,62.022053
2012-06-14,75.612542,17.342194,279.804813,177.572653,34.121967,26.399015,62.673482
2012-06-15,75.956519,17.637626,282.53754,181.213302,34.279646,27.010853,62.86349
2012-06-18,77.497794,17.417156,285.710728,180.476059,34.230093,26.848896,62.972058
2012-06-19,77.713448,17.637626,291.056065,181.058562,34.121967,27.622691,62.709674
2012-06-20,77.492502,17.725814,289.044041,180.922043,34.040874,27.829636,62.347771
2012-06-21,76.424856,17.370053,282.887882,176.016269,33.639917,27.118824,61.976811
2012-06-22,77.010939,17.619084,286.026035,176.298417,33.761557,27.622691,62.157763
2012-06-25,75.512,17.361158,280.630649,175.533884,33.684967,26.875889,62.076337
2012-06-26,75.678696,17.61019,282.622623,174.705634,33.824629,27.010853,62.374913
2012-06-27,76.005469,17.903693,284.93494,175.661307,34.392275,27.145817,63.107775
2012-06-28,75.284441,17.965953,282.437443,174.205042,34.495895,26.911879,62.972058
2012-06-29,77.262308,18.535171,290.325321,178.009527,35.225729,27.523717,63.93112
2012-07-02,78.389489,18.223879,290.525516,178.237067,35.554603,27.496724,64.021596
2012-07-03,79.301023,18.170515,294.209202,178.328075,35.662729,27.676677,64.021596
2012-07-05,80.694128,18.081575,298.258274,177.745572,35.342861,27.622691,63.487777
2012-07-06,80.156994,17.788072,293.283298,174.214152,35.207709,27.163813,63.533019
2012-07-09,81.216706,17.823649,293.298313,172.630465,35.131122,26.992857,63.324918
2012-07-10,80.465255,17.450099,291.141148,169.526808,35.131122,26.758919,63.21635
2012-07-11,79.965166,17.503463,285.880894,168.607549,34.896852,26.363023,63.451586
2012-07-12,79.233555,17.290006,285.525516,166.641596,34.527431,25.760183,63.198251
2012-07-13,80.036605,17.583509,288.548557,169.299268,34.81576,26.444002,63.704927
2012-07-16,80.293267,17.423416,287.747745,168.188869,34.45535,26.488991,63.650636
2012-07-17,80.29723,17.539038,288.65366,167.151284,35.000472,26.686938,63.632544
2012-07-18,80.207272,17.645767,290.670689,171.338036,34.887844,27.397751,63.677778
2012-07-19,81.273598,17.61019,296.826817,177.791083,34.9374,27.595698,63.71397
2012-07-20,79.947969,17.67245,305.715733,175.160715,34.703131,27.10083,63.297776
2012-07-23,79.885785,17.868118,308.063053,173.686256,34.635553,26.345029,62.736816
2012-07-24,79.500793,17.761389,304.089085,173.240272,34.536443,26.228059,62.239196
2012-07-25,76.067652,17.788072,304.29929,173.913797,34.698625,25.940136,63.605402
2012-07-26,76.055747,18.286137,306.987003,176.525958,35.523067,26.237057,64.43779
2012-07-27,77.415771,18.606323,317.797795,178.746756,36.045666,26.776915,65.378752
2012-07-30,78.72156,18.499594,316.466465,179.010697,36.545737,26.668943,65.822088
2012-07-31,80.802612,18.455124,316.801792,178.373586,36.401573,26.515983,65.803996
2012-08-01,80.280033,18.437336,316.656651,177.645454,36.49618,26.461998,65.50542
2012-08-02,80.409685,18.250562,314.689701,176.981039,35.928531,26.264051,64.962558
2012-08-03,81.45617,18.641898,320.985997,180.685406,36.415087,26.767917,65.930663
2012-08-06,82.362413,18.650792,321.731724,180.903836,36.329489,26.94787,65.577803
2012-08-07,82.145445,18.784204,320.59058,181.968724,35.93754,27.226796,65.405894
2012-08-08,82.00653,18.686369,321.436436,181.923035,35.842932,27.289779,65.659229
2012-08-09,82.474217,18.730839,321.496495,181.365465,35.698768,27.442738,65.270177
2012-08-10,82.603098,18.766416,321.321324,182.160682,35.496038,27.370758,65.261128
2012-08-13,83.705891,18.668581,330.335331,181.90475,35.410439,27.343764,65.13446
2012-08-14,83.930439,18.624111,334.664677,181.246634,35.482523,27.289422,65.360653
2012-08-15,83.816167,18.641898,334.1041,181.34718,35.455489,27.352824,65.70447
2012-08-16,84.548266,18.721945,336.771763,183.57746,35.635696,27.878143,66.57305
2012-08-17,86.112103,18.677475,338.908909,183.924803,35.617675,27.986829,66.401141
2012-08-20,88.37615,18.615217,338.108098,183.266687,35.563615,27.841913,66.346857
2012-08-21,87.168389,18.544065,335.090092,181.575692,35.374397,27.896256,66.05733
2012-08-22,88.870411,18.481807,338.928929,180.29603,34.932894,27.66077,65.948755
2012-08-23,88.041326,18.357289,338.738743,178.879252,34.338215,27.407167,65.740662
2012-08-24,88.119714,18.499594,339.654667,180.771339,34.662586,27.678883,66.102565
2012-08-27,89.775229,18.544065,334.944951,178.870117,34.392275,27.796628,66.20209
2012-08-28,89.658311,18.508488,338.963963,178.120591,34.239102,27.742283,66.156856
2012-08-29,89.481596,18.517382,344.349339,178.312547,33.752545,27.760398,65.84923
2012-08-30,88.206077,18.357289,341.181187,176.749518,33.464216,27.46151,65.306369
2012-08-31,88.388107,18.419547,342.887883,178.10232,33.698486,27.914371,65.532562
2012-09-04,89.680897,18.241668,340.860875,177.818953,33.59036,27.52491,65.577803
2012-09-05,89.051113,18.366184,340.700719,178.275977,33.797596,27.52491,65.211366
2012-09-06,89.853624,18.95319,350.050053,181.987025,34.374257,28.394404,65.767404
2012-09-07,90.407674,19.202223,353.428441,182.352639,34.149,28.032116,65.721824
2012-09-10,88.055936,19.104389,350.735753,183.678006,33.932752,27.823798,65.484823
2012-09-11,87.770279,19.202223,346.441441,185.798605,34.031865,27.8872,65.247828
2012-09-12,88.992651,19.469044,345.785802,186.255629,34.063615,27.878143,63.862288
2012-09-13,90.745159,19.584667,353.373387,188.623011,34.789337,28.023058,64.609748
2012-09-14,91.847951,19.664714,355.195195,189.03433,34.580692,28.267602,64.226904
2012-09-17,92.977318,19.611348,355.345341,189.345103,34.789337,28.267602,64.163097
2012-09-18,93.260321,19.780335,359.499516,189.271991,35.034269,28.240432,64.473023
2012-09-19,93.285568,19.949323,364.11411,188.686987,34.943555,28.122687,64.582403
2012-09-20,92.833818,20.101677,364.424443,188.458475,35.052412,28.484977,64.937902
2012-09-21,93.018502,20.191297,367.36237,188.275668,34.499048,28.249489,64.308946
2012-09-24,91.782847,20.038943,375.065068,187.644972,34.580692,27.878143,64.445671
2012-09-25,89.490899,19.994132,374.954961,187.36162,34.181546,27.52491,64.126634
2012-09-26,88.380131,19.805932,377.107122,186.465856,34.254116,27.325651,64.190442
2012-09-27,90.524599,20.370535,378.628636,188.211692,34.753054,27.316594,64.390981
2012-09-28,88.635241,20.352611,377.627629,189.61932,34.408334,26.954305,64.509478
2012-10-01,87.610836,20.44223,381.271276,192.37975,34.816554,26.70976,64.400098
2012-10-02,87.865938,20.424308,378.873876,191.803895,34.780267,26.863733,64.372753
2012-10-03,89.213203,20.53185,381.631627,192.416306,34.689553,27.044878,64.445671
2012-10-04,88.595376,20.567699,384.409429,192.306624,34.771197,27.198851,64.600638
2012-10-05,86.707344,20.720052,384.209203,192.489431,34.997985,27.03582,64.810287
2012-10-08,84.791412,20.540813,379.299291,191.785624,34.997985,26.97242,64.892329
2012-10-09,84.483162,20.271954,372.417424,190.112914,34.979842,26.519559,64.819405
2012-10-10,85.155464,20.101677,372.652654,188.129431,34.553479,26.247841,64.071944
2012-10-11,83.453442,20.173372,376.116124,188.074576,34.571622,26.22067,63.643521
2012-10-12,83.66736,20.146486,372.747747,189.939242,34.68048,26.447101,63.853177
2012-10-15,84.338336,20.289877,370.860875,190.972108,34.589766,26.727875,64.117517
2012-10-16,86.335317,20.289877,372.722722,192.864194,34.381121,26.70976,64.081062
2012-10-17,85.64707,20.53185,378.123113,183.385518,34.235976,26.800332,63.89875
2012-10-18,84.056659,20.44223,347.847844,178.202865,34.32669,26.718817,64.500368
2012-10-19,81.027305,19.743199,341.236241,176.740383,33.927544,25.939895,63.698211
2012-10-22,84.241343,19.447454,339.674687,177.690987,33.773326,25.360233,63.442982
2012-10-23,81.494991,19.071052,340.515507,174.81174,33.210892,25.405519,62.45852
2012-10-24,81.956036,19.053127,338.988988,174.327296,33.455824,25.269661,62.34914
2012-10-25,80.98744,19.053127,339.219212,175.131663,33.646325,25.251546,62.795791
2012-10-26,80.251361,18.918698,337.912907,176.658122,33.600968,25.550434,62.877833
2012-10-31,79.098082,18.873887,340.490483,177.809817,33.727969,25.849324,63.114828
2012-11-01,79.260179,19.124823,344.139134,180.20462,33.864044,26.736932,63.297139
2012-11-02,76.637395,19.097936,344.304295,176.804359,33.637255,26.718817,62.94164
2012-11-05,77.67641,19.187556,341.821812,177.453339,33.356036,26.83656,62.896061
2012-11-06,77.441232,19.348872,341.201207,178.303411,33.945684,27.044878,63.215097
2012-11-07,74.478128,18.936621,333.893895,175.494178,33.310679,26.338414,62.886943
2012-11-08,71.775289,18.721534,326.47147,174.521048,32.984104,26.093868,62.704639
2012-11-09,73.017928,18.820116,331.846837,174.09874,32.920603,26.111983,62.759329
2012-11-12,72.453335,18.721534,333.283299,173.740701,32.730102,25.559492,62.540562
2012-11-13,72.46268,18.533334,329.854863,172.886923,32.802672,24.737642,62.513217
2012-11-14,71.65917,17.932882,326.601597,170.307194,32.666598,24.509351,62.139483
2012-11-15,70.156258,17.977691,323.953953,170.619342,33.047604,24.344981,62.157718
2012-11-16,70.431216,18.058349,323.913914,171.620011,33.165535,24.217139,62.267098
2012-11-19,75.509877,18.515409,334.439457,174.75056,33.7824,24.408903,62.695521
2012-11-20,74.866531,18.479562,335.320317,173.694796,33.79147,24.390639,62.814026
2012-11-21,74.97198,18.533334,333.268284,174.695466,33.918471,24.6098,63.178635
2012-11-23,76.28002,18.855965,334.31931,177.633233,34.408334,25.294674,63.980792
2012-11-26,78.686544,18.873887,330.905919,177.073222,33.891257,25.011591,63.807598
2012-11-27,78.052544,18.703611,335.690709,175.558434,33.945684,24.728511,63.907867
2012-11-28,77.806954,18.945583,342.177189,176.24697,34.306472,24.984197,64.126634
2012-11-29,78.663848,18.936621,346.291295,175.833851,34.680957,24.6098,64.090172
2012-11-30,78.119278,18.936621,349.53455,174.493508,34.635285,24.308456,63.99902
2012-12-03,78.240744,18.658801,347.972966,173.951849,34.142064,24.134954,63.6891
2012-12-04,76.860623,18.694649,345.860875,173.841687,33.931987,24.080164,63.679983
2012-12-05,71.914105,19.026241,344.254246,173.189867,34.078128,24.354113,64.035478
2012-12-06,73.04195,19.151709,345.910924,174.15382,34.142064,24.408903,64.320241
2012-12-07,71.174663,19.232366,342.447453,176.21943,34.443477,24.162348,64.54071
2012-12-10,70.716845,19.169632,343.053044,176.834521,34.379541,24.600668,64.494777
2012-12-11,72.261136,19.277176,348.788792,178.285039,34.580485,24.94767,64.687682
2012-12-12,71.942133,19.51915,349.129124,177.137478,34.379541,24.874617,64.522334
2012-12-13,70.699495,19.375758,351.701695,176.25616,34.343005,24.755906,64.494777
2012-12-14,68.043375,19.375758,351.331334,176.044998,34.397809,24.481956,64.448851
2012-12-17,69.249973,19.653579,360.750768,177.752569,34.251668,24.746774,64.641756
2012-12-18,71.261421,19.438492,360.895909,179.652937,34.050724,25.166829,64.788728
2012-12-19,70.248355,18.829078,360.41541,179.092927,33.594035,24.938538,64.191638
2012-12-20,69.637051,19.037083,361.541539,178.808334,33.840648,25.27641,64.402919
2012-12-21,69.316715,18.88334,358.173192,177.568962,33.694507,25.066382,63.961988
2012-12-24,69.428828,18.829078,355.105107,176.632549,33.548367,24.710247,63.778272
2012-12-26,68.471825,18.78386,354.789799,176.21943,33.265219,24.527615,63.236295
2012-12-27,68.746783,18.71151,353.498509,176.917156,33.265219,24.61893,63.080135
2012-12-28,68.016679,18.485416,350.355351,174.273171,32.854201,24.244533,62.483045
2012-12-31,71.030509,18.982821,354.044041,175.852216,33.109946,24.390639,62.859673
